"Date","Price","Open","High","Low","Vol.","Change %"
"01/02/2019","22.473","21.950","22.575","21.800","4.83K","2.23%"
"12/31/2018","21.982","22.850","22.850","21.950","1.90K","-3.63%"
"12/28/2018","22.810","23.450","23.600","22.675","5.99K","-2.19%"
"12/27/2018","23.320","23.900","23.900","23.300","13.50K","-3.82%"
"12/24/2018","24.247","24.750","24.750","24.080","3.88K","-2.62%"
"12/21/2018","24.900","24.745","24.920","24.500","11.75K","1.20%"
"12/20/2018","24.605","24.450","24.775","24.100","12.39K","1.63%"
"12/19/2018","24.210","24.000","24.450","24.000","12.63K","2.01%"
"12/18/2018","23.732","24.180","24.215","23.700","13.02K","-3.85%"
"12/17/2018","24.681","24.500","24.895","24.425","12.06K","0.14%"
"12/14/2018","24.646","24.200","24.825","24.200","8.57K","1.73%"
"12/13/2018","24.226","24.450","24.500","24.090","11.20K","1.28%"
"12/12/2018","23.920","23.550","24.250","23.500","10.59K","1.27%"
"12/11/2018","23.621","23.300","23.700","23.275","7.36K","1.60%"
"12/10/2018","23.250","23.100","23.500","23.100","4.95K","0.46%"
"12/07/2018","23.143","23.000","23.325","22.655","11.20K","-0.10%"
"12/06/2018","23.166","23.210","23.400","23.100","8.00K","-2.75%"
"12/05/2018","23.822","24.400","24.475","23.650","11.62K","-2.44%"
"12/04/2018","24.417","25.000","25.000","24.350","5.95K","-2.66%"
"12/03/2018","25.083","25.000","25.700","24.775","7.40K","1.59%"
"11/30/2018","24.691","24.650","24.875","24.600","5.66K","0.24%"
"11/29/2018","24.633","24.600","24.675","24.350","19.82K","1.36%"
"11/28/2018","24.302","24.400","24.555","24.175","9.38K","-3.41%"
"11/27/2018","25.159","24.500","25.250","24.475","17.39K","2.51%"
"11/26/2018","24.543","24.150","24.705","24.000","10.08K","-1.11%"
"11/23/2018","24.819","24.250","25.175","24.250","9.77K","0.44%"
"11/22/2018","24.710","24.150","24.785","23.930","8.99K","0.86%"
"11/21/2018","24.500","24.350","24.550","24.025","14.15K","0.61%"
"11/20/2018","24.352","24.400","24.525","24.200","12.37K","0.83%"
"11/19/2018","24.152","24.425","24.450","24.000","8.11K","-6.95%"
"11/16/2018","25.956","26.850","26.850","25.650","14.55K","-2.70%"
"11/15/2018","26.677","26.300","26.750","25.900","8.29K","1.52%"
"11/14/2018","26.278","26.500","27.000","26.175","5.59K","-0.91%"
"11/13/2018","26.519","26.100","26.600","25.725","9.45K","2.17%"
"11/12/2018","25.955","25.600","26.150","25.500","7.29K","6.70%"
"11/09/2018","24.326","24.600","24.850","24.310","5.44K","-0.42%"
"11/08/2018","24.429","25.000","25.135","24.325","11.06K","0.04%"
"11/07/2018","24.420","24.300","24.575","24.250","3.82K","2.19%"
"11/06/2018","23.896","23.600","23.990","23.500","5.60K","0.37%"
"11/05/2018","23.808","23.650","24.000","23.500","6.55K","-1.96%"
"11/02/2018","24.283","23.900","24.375","23.800","4.72K","2.68%"
"11/01/2018","23.649","24.085","24.105","23.635","4.20K","-2.81%"
"10/31/2018","24.333","24.750","24.850","24.120","5.20K","1.93%"
"10/30/2018","23.873","24.350","24.350","23.775","16.52K","-2.87%"
"10/29/2018","24.578","24.100","24.700","24.000","12.61K","1.22%"
"10/26/2018","24.281","24.550","24.825","24.005","33.84K","-2.35%"
"10/25/2018","24.866","24.950","25.150","24.675","12.77K","-1.56%"
"10/24/2018","25.261","25.675","25.850","25.250","16.49K","-1.58%"
"10/23/2018","25.667","25.700","25.725","25.350","16.54K","-1.71%"
"10/22/2018","26.114","26.450","26.500","26.000","8.60K","-2.77%"
"10/19/2018","26.858","26.250","26.925","26.250","9.94K","3.20%"
"10/18/2018","26.025","26.100","26.400","25.825","10.41K","0.32%"
"10/17/2018","25.942","26.000","26.350","25.575","12.86K","-1.47%"
"10/16/2018","26.328","26.300","26.575","26.100","4.61K","-1.12%"
"10/15/2018","26.625","27.000","27.325","26.275","8.19K","-0.01%"
"10/12/2018","26.628","25.600","26.700","25.600","9.86K","3.37%"
"10/11/2018","25.759","26.000","26.100","25.350","7.43K","-1.76%"
"10/10/2018","26.220","26.750","26.925","26.125","6.67K","-2.29%"
"10/09/2018","26.835","27.300","27.400","26.695","7.24K","-1.41%"
"10/08/2018","27.218","27.625","27.700","27.135","9.55K","-2.45%"
"10/05/2018","27.902","27.800","28.000","27.300","6.26K","1.57%"
"10/04/2018","27.471","27.500","27.800","27.050","8.58K","1.32%"
"10/03/2018","27.114","27.000","27.475","26.825","8.69K","-0.52%"
"10/02/2018","27.257","28.000","28.350","27.050","7.50K","-0.68%"
"10/01/2018","27.443","27.250","27.800","26.585","9.20K","0.42%"
"09/28/2018","27.329","27.850","27.995","27.200","5.60K","-0.90%"
"09/27/2018","27.577","27.750","28.200","27.450","9.63K","-2.42%"
"09/26/2018","28.262","28.850","28.850","27.990","12.43K","-3.32%"
"09/25/2018","29.232","29.400","29.650","28.725","12.74K","-0.04%"
"09/24/2018","29.244","29.150","29.675","29.150","9.89K","1.81%"
"09/21/2018","28.724","28.450","29.000","28.050","8.34K","0.47%"
"09/20/2018","28.591","28.850","29.250","28.085","15.45K","0.95%"
"09/19/2018","28.322","27.500","28.430","27.375","7.94K","3.33%"
"09/18/2018","27.410","27.950","28.050","27.275","7.20K","-2.38%"
"09/17/2018","28.077","27.500","28.275","27.500","7.66K","4.26%"
"09/14/2018","26.929","25.750","27.425","25.750","8.12K","0.45%"
"09/13/2018","26.808","27.375","27.750","26.470","13.71K","-2.50%"
"09/12/2018","27.494","28.000","28.210","27.350","10.19K","-4.48%"
"09/11/2018","28.782","29.150","29.200","28.120","7.32K","-1.18%"
"09/10/2018","29.125","28.000","29.125","28.000","9.45K","4.06%"
"09/07/2018","27.989","27.450","28.260","27.450","4.82K","1.95%"
"09/06/2018","27.454","27.450","27.560","27.375","6.36K","1.61%"
"09/05/2018","27.019","26.800","27.150","26.475","4.81K","1.15%"
"09/04/2018","26.712","26.600","27.170","26.505","6.67K","1.80%"
"09/03/2018","26.239","26.040","26.435","25.935","6.10K","1.56%"
"08/31/2018","25.837","26.350","26.350","25.800","5.25K","-1.12%"
"08/30/2018","26.130","26.250","26.450","25.950","7.41K","1.01%"
"08/29/2018","25.868","25.150","26.080","25.150","8.77K","2.00%"
"08/28/2018","25.360","25.325","25.600","25.300","12.83K","-0.20%"
"08/27/2018","25.411","25.200","25.450","25.200","0.22K","1.75%"
"08/24/2018","24.975","24.995","25.050","24.730","5.88K","0.87%"
"08/23/2018","24.760","24.615","24.855","24.615","7.26K","1.28%"
"08/22/2018","24.448","24.500","24.725","24.360","5.70K","0.17%"
"08/21/2018","24.406","24.350","24.685","24.300","3.17K","0.94%"
"08/20/2018","24.179","24.050","24.225","23.820","6.56K","0.11%"
"08/17/2018","24.153","24.050","24.225","24.050","5.42K","1.34%"
"08/16/2018","23.833","23.500","24.020","23.500","8.91K","1.34%"
"08/15/2018","23.519","23.775","23.775","23.450","4.50K","-0.86%"
"08/14/2018","23.724","23.605","24.000","23.605","4.12K","0.95%"
"08/13/2018","23.500","23.125","23.550","23.125","3.50K","2.71%"
"08/10/2018","22.881","22.560","23.025","22.550","3.97K","0.74%"
"08/09/2018","22.713","22.500","22.850","22.375","9.64K","0.50%"
"08/08/2018","22.599","22.675","22.925","22.510","8.22K","-0.05%"
"08/07/2018","22.611","22.500","22.825","22.500","7.92K","0.49%"
"08/06/2018","22.500","22.150","22.500","22.150","4.78K","1.07%"
"08/03/2018","22.261","22.000","22.275","22.000","4.06K","1.48%"
"08/02/2018","21.936","21.900","22.025","21.840","5.18K","0.02%"
"08/01/2018","21.932","21.900","21.995","21.825","4.11K","-0.82%"
"07/31/2018","22.113","22.070","22.175","22.000","1.89K","0.24%"
"07/30/2018","22.059","21.800","22.075","21.800","8.13K","0.76%"
"07/27/2018","21.892","21.970","22.000","21.875","6.67K","-1.00%"
"07/26/2018","22.113","21.575","22.150","21.765","6.54K","-0.27%"
"07/25/2018","22.172","22.285","22.290","22.125","6.65K","0.34%"
"07/24/2018","22.097","22.025","22.140","22.000","6.64K","0.31%"
"07/23/2018","22.028","22.000","22.185","21.980","6.40K","0.70%"
"07/20/2018","21.874","22.050","22.100","21.825","7.34K","-1.26%"
"07/19/2018","22.153","22.280","22.350","21.900","9.09K","0.07%"
"07/18/2018","22.138","21.945","22.155","21.820","6.40K","1.31%"
"07/17/2018","21.852","21.825","22.050","21.800","8.37K","-0.77%"
"07/16/2018","22.022","22.475","22.570","21.895","7.97K","-1.09%"
"07/13/2018","22.264","22.100","22.325","21.950","5.24K","1.33%"
"07/12/2018","21.971","22.300","22.375","21.900","6.69K","-2.70%"
"07/11/2018","22.580","22.500","22.675","22.410","4.89K","-0.66%"
"07/10/2018","22.731","22.895","23.000","22.675","2.31K","0.00%"
"07/09/2018","22.732","22.525","22.750","22.450","3.28K","1.68%"
"07/06/2018","22.356","22.525","22.550","22.300","3.56K","-0.48%"
"07/05/2018","22.463","22.250","22.600","22.125","8.15K","0.95%"
"07/04/2018","22.251","22.350","22.385","22.200","3.91K","-0.14%"
"07/03/2018","22.282","22.500","22.575","22.200","7.93K","0.37%"
"07/02/2018","22.200","21.970","22.315","21.970","2.91K","1.51%"
"06/29/2018","21.870","21.805","21.950","21.750","2.50K","-0.41%"
"06/28/2018","21.960","22.050","22.150","21.900","6.01K","-0.36%"
"06/27/2018","22.039","21.650","22.125","21.650","9.11K","2.69%"
"06/26/2018","21.461","21.425","21.650","21.375","8.18K","-0.62%"
"06/25/2018","21.594","21.530","21.650","21.370","12.99K","-0.41%"
"06/22/2018","21.682","21.500","21.845","21.500","4.45K","0.51%"
"06/21/2018","21.572","21.400","21.600","21.325","11.53K","0.37%"
"06/20/2018","21.492","21.750","21.800","21.495","5.54K","-0.97%"
"06/19/2018","21.702","21.900","22.050","21.625","8.09K","-2.13%"
"06/18/2018","22.175","21.600","22.190","21.600","3.66K","1.91%"
"06/15/2018","21.760","22.400","22.400","21.675","3.87K","-3.24%"
"06/14/2018","22.488","22.425","22.850","22.250","5.71K","0.44%"
"06/13/2018","22.389","21.900","22.420","21.850","8.65K","2.75%"
"06/12/2018","21.790","21.550","21.825","21.450","4.64K","2.11%"
"06/11/2018","21.339","21.350","21.425","21.150","2.94K","-0.91%"
"06/08/2018","21.536","21.850","21.925","21.500","2.72K","-0.53%"
"06/07/2018","21.650","21.400","21.725","21.400","2.25K","1.59%"
"06/06/2018","21.311","21.650","21.735","21.285","6.64K","-0.76%"
"06/05/2018","21.475","22.000","22.250","21.375","6.41K","-2.15%"
"06/04/2018","21.947","22.150","22.200","21.800","4.32K","0.88%"
"06/01/2018","21.755","22.150","22.185","21.650","5.23K","-3.74%"
"05/31/2018","22.600","22.900","23.175","22.200","3.74K","-2.11%"
"05/30/2018","23.087","22.700","23.100","22.650","6.66K","1.30%"
"05/29/2018","22.790","22.200","22.800","22.160","10.29K","3.80%"
"05/28/2018","21.956","21.800","22.050","21.800","0.43K","0.17%"
"05/25/2018","21.918","22.350","22.405","21.725","5.73K","-3.63%"
"05/24/2018","22.743","22.975","23.050","22.495","6.14K","-0.05%"
"05/23/2018","22.754","22.625","22.875","22.540","6.19K","-0.93%"
"05/22/2018","22.968","22.775","23.000","22.715","5.23K","2.92%"
"05/21/2018","22.316","21.900","22.425","21.850","3.49K","1.19%"
"05/18/2018","22.053","22.140","22.250","22.000","8.67K","-0.85%"
"05/17/2018","22.242","21.900","22.350","21.900","10.08K","3.09%"
"05/16/2018","21.575","21.325","21.800","21.225","6.47K","-0.54%"
"05/15/2018","21.692","21.555","22.025","21.350","8.55K","0.44%"
"05/14/2018","21.597","21.225","21.675","21.150","5.31K","1.67%"
"05/11/2018","21.242","21.000","21.350","21.000","4.95K","1.69%"
"05/10/2018","20.890","21.025","21.125","20.725","3.59K","0.25%"
"05/09/2018","20.837","21.000","21.225","20.815","5.15K","0.77%"
"05/08/2018","20.677","20.600","21.075","20.525","3.48K","0.13%"
"05/07/2018","20.650","20.475","20.650","20.475","0.47K","1.23%"
"05/04/2018","20.400","19.950","20.500","19.950","2.95K","2.53%"
"05/03/2018","19.896","20.050","20.080","19.750","2.47K","0.10%"
"05/02/2018","19.876","20.225","20.300","19.850","8.44K","-1.41%"
"05/01/2018","20.160","20.325","20.525","20.075","5.42K","-2.15%"
"04/30/2018","20.604","20.250","20.600","20.100","2.10K","1.76%"
"04/27/2018","20.248","20.020","20.275","19.850","8.18K","0.40%"
"04/26/2018","20.168","19.975","20.250","19.930","8.02K","1.49%"
"04/25/2018","19.871","19.600","19.940","19.575","4.18K","0.95%"
"04/24/2018","19.684","20.000","20.050","19.625","7.46K","-1.29%"
"04/23/2018","19.942","19.700","20.100","19.700","8.91K","0.85%"
"04/20/2018","19.774","19.850","20.075","19.620","4.97K","0.05%"
"04/19/2018","19.764","19.600","20.000","19.485","8.76K","2.14%"
"04/18/2018","19.350","19.075","19.370","19.050","4.24K","1.39%"
"04/17/2018","19.084","19.050","19.375","18.975","10.27K","-1.83%"
"04/16/2018","19.440","19.500","19.670","19.200","8.59K","-0.82%"
"04/13/2018","19.600","19.325","19.700","19.325","3.97K","1.97%"
"04/12/2018","19.222","19.225","19.290","19.065","4.30K","-0.38%"
"04/11/2018","19.295","18.800","19.400","18.750","3.69K","2.33%"
"04/10/2018","18.855","18.750","18.950","18.675","2.68K","1.16%"
"04/09/2018","18.639","18.000","18.675","18.000","2.63K","2.64%"
"04/06/2018","18.159","17.960","18.225","17.950","2.97K","0.02%"
"04/05/2018","18.155","18.105","18.200","18.050","6.82K","-0.21%"
"04/04/2018","18.193","18.150","18.200","18.080","1.74K","0.79%"
"04/03/2018","18.050","18.050","18.075","17.825","2.34K","-0.86%"
"03/29/2018","18.206","18.275","18.300","18.150","1.33K","-1.02%"
"03/28/2018","18.393","18.400","18.700","18.350","17.19K","-0.54%"
"03/27/2018","18.493","17.870","18.500","17.860","13.26K","2.86%"
"03/26/2018","17.979","18.250","18.250","17.800","9.35K","-2.57%"
"03/23/2018","18.453","18.650","18.665","18.395","8.75K","-2.98%"
"03/22/2018","19.019","19.200","19.225","18.675","9.25K","-1.84%"
"03/21/2018","19.375","19.400","19.550","19.325","8.12K","1.11%"
"03/20/2018","19.163","18.900","19.275","18.850","8.61K","2.27%"
"03/19/2018","18.737","19.000","19.000","18.660","5.31K","0.31%"
"03/16/2018","18.679","18.750","18.925","18.600","12.25K","-1.27%"
"03/15/2018","18.920","18.650","19.200","18.425","10.32K","2.76%"
"03/14/2018","18.411","19.005","19.130","18.400","11.67K","-6.04%"
"03/13/2018","19.595","19.900","20.000","19.300","10.85K","-1.16%"
"03/12/2018","19.825","20.050","21.150","19.570","17.48K","4.69%"
"03/09/2018","18.937","18.600","19.000","18.600","10.18K","3.59%"
"03/08/2018","18.280","17.800","18.450","17.800","9.19K","2.68%"
"03/07/2018","17.803","17.400","17.850","17.400","10.86K","-0.04%"
"03/06/2018","17.811","17.300","17.900","17.300","4.57K","1.55%"
"03/05/2018","17.540","17.250","17.600","16.775","8.66K","-2.15%"
"03/02/2018","17.925","17.255","17.975","17.255","6.57K","2.18%"
"03/01/2018","17.542","17.400","18.000","17.400","4.42K","1.11%"
"02/28/2018","17.350","17.650","17.750","17.300","4.42K","-9.56%"
"02/27/2018","19.185","18.850","19.200","18.270","35.60K","3.13%"
"02/26/2018","18.602","19.600","19.675","18.550","23.99K","-10.18%"
"02/23/2018","20.710","20.100","21.200","20.100","20.67K","3.92%"
"02/22/2018","19.928","19.675","20.125","19.525","14.23K","0.62%"
"02/21/2018","19.806","19.800","20.075","19.575","16.68K","-0.41%"
"02/20/2018","19.888","19.500","19.900","19.325","8.10K","3.69%"
"02/19/2018","19.181","18.950","19.250","18.825","14.38K","5.37%"
"02/16/2018","18.204","18.090","18.330","17.975","9.33K","2.41%"
"02/15/2018","17.775","18.000","18.000","17.750","5.81K","-2.08%"
"02/14/2018","18.153","18.050","18.245","17.950","10.77K","-0.86%"
"02/13/2018","18.310","18.250","18.500","18.225","8.22K","1.98%"
"02/12/2018","17.955","17.650","18.000","17.550","9.19K","0.30%"
"02/09/2018","17.901","17.825","17.990","17.675","6.34K","0.02%"
"02/08/2018","17.898","18.150","18.200","17.700","6.94K","-1.99%"
"02/07/2018","18.262","18.150","18.580","18.050","8.25K","2.27%"
"02/06/2018","17.857","17.350","18.000","17.300","6.00K","1.32%"
"02/05/2018","17.624","18.050","18.050","17.550","3.73K","-3.08%"
"02/02/2018","18.185","18.250","18.300","18.050","5.43K","-0.36%"
"02/01/2018","18.250","18.500","18.800","18.100","12.61K","1.67%"
"01/31/2018","17.950","17.625","18.025","17.625","5.31K","3.45%"
"01/30/2018","17.351","17.425","17.600","17.300","4.51K","-0.77%"
"01/29/2018","17.486","17.975","17.975","17.330","19.29K","-2.06%"
"01/26/2018","17.853","18.100","18.200","17.725","6.94K","0.40%"
"01/25/2018","17.781","17.675","17.900","17.600","3.36K","-0.45%"
"01/24/2018","17.862","18.100","18.180","17.700","9.46K","-2.04%"
"01/23/2018","18.234","18.650","18.675","18.175","7.43K","-1.65%"
"01/22/2018","18.539","18.175","18.625","18.100","6.82K","1.99%"
"01/19/2018","18.177","18.325","18.400","18.175","5.45K","-0.67%"
"01/18/2018","18.300","18.075","18.400","18.050","7.76K","-0.89%"
"01/17/2018","18.465","18.850","18.850","18.400","8.71K","-2.81%"
"01/16/2018","18.999","19.180","19.275","18.875","5.74K","-0.92%"
"01/15/2018","19.175","19.400","19.400","19.075","6.58K","-3.42%"
"01/12/2018","19.854","19.550","19.925","19.540","8.98K","2.70%"
"01/11/2018","19.332","19.425","19.550","19.260","6.94K","-0.92%"
"01/10/2018","19.512","19.250","19.650","19.200","4.31K","0.34%"
"01/09/2018","19.446","19.200","19.635","19.200","3.61K","2.03%"
"01/08/2018","19.059","19.025","19.190","19.000","3.19K","0.70%"
"01/05/2018","18.927","19.025","19.025","18.850","4.84K","-1.42%"
"01/04/2018","19.200","19.400","19.400","19.065","4.31K","-0.57%"
"01/03/2018","19.310","19.250","19.400","19.150","3.70K","-0.61%"
"01/02/2018","19.428","19.500","19.745","19.275","3.12K","-1.00%"
"12/29/2017","19.625","19.675","19.700","19.550","1.17K","-0.44%"
"12/28/2017","19.711","19.300","19.750","19.300","7.65K","2.84%"
"12/27/2017","19.167","19.300","19.300","19.135","8.93K","-2.58%"
"12/22/2017","19.675","19.850","19.875","19.575","4.15K","-1.70%"
"12/21/2017","20.016","20.025","20.125","19.950","5.08K","-1.57%"
"12/20/2017","20.336","20.200","20.410","19.900","6.29K","1.06%"
"12/19/2017","20.122","20.150","20.300","19.950","10.74K","-1.72%"
"12/18/2017","20.475","20.500","20.655","20.350","9.13K","-2.67%"
"12/15/2017","21.036","20.730","21.275","20.730","5.19K","-1.25%"
"12/14/2017","21.303","20.400","21.400","20.100","10.88K","3.17%"
"12/13/2017","20.648","22.000","22.000","20.625","7.55K","-5.13%"
"12/12/2017","21.764","21.450","24.100","21.310","13.94K","3.71%"
"12/11/2017","20.985","21.150","21.315","20.520","6.82K","0.17%"
"12/08/2017","20.950","21.025","21.025","20.725","5.97K","-1.99%"
"12/07/2017","21.375","21.075","21.375","20.900","6.32K","0.94%"
"12/06/2017","21.175","21.200","21.250","20.900","7.90K","-0.84%"
"12/05/2017","21.355","21.500","21.500","21.150","6.81K","0.24%"
"12/04/2017","21.303","21.150","21.675","21.150","7.46K","2.16%"
"12/01/2017","20.852","20.500","20.875","20.485","5.28K","2.70%"
"11/30/2017","20.304","20.250","20.390","20.185","2.84K","-0.17%"
"11/29/2017","20.339","20.000","20.395","20.000","4.38K","0.51%"
"11/28/2017","20.236","20.400","20.400","20.105","9.06K","-1.81%"
"11/27/2017","20.608","20.600","20.675","20.425","4.68K","0.82%"
"11/24/2017","20.441","20.025","20.475","20.000","10.58K","2.50%"
"11/23/2017","19.943","19.700","20.050","19.700","5.46K","1.81%"
"11/22/2017","19.588","19.725","19.870","19.535","9.06K","-0.80%"
"11/21/2017","19.746","19.550","19.785","19.550","9.20K","1.84%"
"11/20/2017","19.389","19.200","19.400","19.200","7.12K","2.86%"
"11/17/2017","18.850","18.775","18.980","18.750","6.48K","-1.75%"
"11/16/2017","19.185","18.950","19.225","18.950","2.32K","1.53%"
"11/15/2017","18.895","18.775","19.100","18.755","8.04K","-1.84%"
"11/14/2017","19.250","19.400","19.545","19.125","5.32K","-2.95%"
"11/13/2017","19.835","19.825","19.850","19.500","4.45K","1.03%"
"11/10/2017","19.633","19.250","19.750","19.225","1.20K","1.11%"
"11/09/2017","19.418","19.400","19.535","19.325","4.27K","0.87%"
"11/08/2017","19.251","19.345","19.475","19.075","3.82K","0.16%"
"11/07/2017","19.220","18.925","19.300","18.925","8.19K","1.93%"
"11/06/2017","18.856","18.525","18.925","18.510","6.13K","3.52%"
"11/03/2017","18.215","18.375","18.375","18.140","1.47K","-1.27%"
"11/02/2017","18.450","18.450","18.500","18.375","3.02K","0.08%"
"11/01/2017","18.436","18.285","18.500","18.285","4.27K","1.24%"
"10/31/2017","18.211","18.075","18.250","18.075","4.03K","3.40%"
"10/30/2017","17.612","17.845","17.850","17.600","21.94K","-0.05%"
"10/27/2017","17.620","17.630","17.750","17.515","5.79K","0.11%"
"10/26/2017","17.600","17.650","17.775","17.595","10.06K","-0.73%"
"10/25/2017","17.730","17.750","17.800","17.650","5.62K","0.89%"
"10/24/2017","17.573","17.800","17.800","17.545","5.15K","-0.85%"
"10/23/2017","17.723","18.000","18.000","17.680","8.28K","-0.26%"
"10/20/2017","17.769","18.190","18.270","17.700","8.21K","-1.83%"
"10/19/2017","18.100","18.300","18.400","18.080","11.02K","-1.12%"
"10/18/2017","18.305","18.075","18.375","18.075","4.68K","1.23%"
"10/17/2017","18.082","18.100","18.250","18.030","10.76K","-0.27%"
"10/16/2017","18.131","18.000","18.175","17.990","4.93K","1.06%"
"10/13/2017","17.940","17.975","18.060","17.910","2.55K","0.38%"
"10/12/2017","17.872","17.900","17.975","17.810","7.13K","-0.92%"
"10/11/2017","18.038","18.050","18.250","17.975","3.70K","-0.34%"
"10/10/2017","18.100","18.050","18.255","17.990","2.99K","-0.70%"
"10/09/2017","18.227","18.100","18.275","18.100","4.88K","0.99%"
"10/06/2017","18.049","18.025","18.180","17.925","3.90K","-0.17%"
"10/05/2017","18.079","18.075","18.175","17.800","8.25K","0.67%"
"10/04/2017","17.958","17.800","18.100","17.800","4.55K","0.17%"
"10/03/2017","17.927","17.500","17.925","17.500","6.79K","1.67%"
"10/02/2017","17.633","17.550","17.850","17.540","3.04K","1.44%"
"09/29/2017","17.382","17.800","17.950","17.300","4.24K","-1.28%"
"09/28/2017","17.608","17.375","17.950","17.350","10.77K","0.64%"
"09/27/2017","17.496","17.225","17.525","17.100","10.92K","0.78%"
"09/26/2017","17.360","17.550","17.600","17.200","10.23K","-0.26%"
"09/25/2017","17.406","16.845","17.455","16.845","10.03K","4.56%"
"09/22/2017","16.647","16.675","16.800","16.600","9.27K","-0.61%"
"09/21/2017","16.750","16.855","17.010","16.725","9.87K","-1.03%"
"09/20/2017","16.925","17.075","17.075","16.890","6.59K","-1.18%"
"09/19/2017","17.127","17.060","17.325","17.010","8.14K","0.14%"
"09/18/2017","17.103","17.300","17.325","17.090","6.83K","-0.55%"
"09/15/2017","17.198","17.475","17.575","17.170","4.41K","-2.20%"
"09/14/2017","17.585","17.405","17.725","17.405","12.66K","1.69%"
"09/13/2017","17.292","17.100","17.380","17.100","11.69K","0.82%"
"09/12/2017","17.152","17.320","17.320","17.075","9.69K","-0.24%"
"09/11/2017","17.193","16.850","17.250","16.850","6.93K","2.42%"
"09/08/2017","16.787","16.725","16.900","16.700","4.50K","-0.07%"
"09/07/2017","16.799","16.900","16.900","16.685","6.87K","-0.17%"
"09/06/2017","16.827","16.800","16.930","16.725","9.45K","-0.12%"
"09/05/2017","16.847","16.525","16.880","16.525","6.60K","2.42%"
"09/04/2017","16.449","16.400","16.500","16.325","4.78K","0.23%"
"09/01/2017","16.412","16.475","16.580","16.400","5.10K","-0.24%"
"08/31/2017","16.451","16.500","16.600","16.380","4.10K","-0.41%"
"08/30/2017","16.519","16.500","16.750","16.500","14.15K","0.29%"
"08/29/2017","16.471","16.350","16.500","16.300","9.99K","1.02%"
"08/28/2017","16.305","16.500","16.500","16.295","0.17K","0.01%"
"08/25/2017","16.303","16.260","16.445","16.100","7.86K","-0.28%"
"08/24/2017","16.348","16.425","16.520","16.300","8.44K","-0.07%"
"08/23/2017","16.360","16.075","16.465","16.075","9.21K","1.28%"
"08/22/2017","16.153","16.085","16.240","15.975","6.31K","-0.18%"
"08/21/2017","16.182","16.400","16.420","16.100","6.98K","0.52%"
"08/18/2017","16.098","16.200","16.235","16.055","5.08K","-0.62%"
"08/17/2017","16.198","16.275","16.300","16.085","5.15K","0.62%"
"08/16/2017","16.098","15.700","16.130","15.650","6.18K","3.34%"
"08/15/2017","15.577","15.700","15.850","15.575","4.19K","-1.88%"
"08/14/2017","15.875","15.840","15.970","15.675","5.84K","-0.87%"
"08/11/2017","16.014","15.650","16.050","15.625","6.82K","1.52%"
"08/10/2017","15.775","15.575","15.975","15.575","6.51K","1.31%"
"08/09/2017","15.571","15.350","15.625","15.350","7.00K","2.62%"
"08/08/2017","15.173","15.200","15.260","15.150","6.91K","-1.15%"
"08/07/2017","15.349","15.200","15.375","15.110","5.20K","2.33%"
"08/04/2017","15.000","14.925","15.075","14.850","2.08K","1.42%"
"08/03/2017","14.790","14.785","14.920","14.725","2.07K","0.33%"
"08/02/2017","14.742","14.600","14.825","14.570","1.60K","0.46%"
"08/01/2017","14.675","14.800","14.850","14.635","4.60K","-1.94%"
"07/31/2017","14.966","15.125","15.130","14.900","2.40K","-0.11%"
"07/28/2017","14.983","15.125","15.125","14.875","13.94K","-0.97%"
"07/27/2017","15.129","15.110","15.250","15.005","5.40K","-0.32%"
"07/26/2017","15.177","15.050","15.225","14.900","5.92K","2.35%"
"07/25/2017","14.828","14.690","14.920","14.600","11.49K","0.71%"
"07/24/2017","14.723","14.700","14.800","14.625","5.02K","-1.08%"
"07/21/2017","14.884","15.000","15.045","14.765","12.54K","-0.43%"
"07/20/2017","14.948","14.850","15.025","14.850","13.44K","1.17%"
"07/19/2017","14.775","14.625","14.775","14.625","4.52K","0.24%"
"07/18/2017","14.740","14.790","14.910","14.700","5.89K","-0.88%"
"07/17/2017","14.871","14.500","14.920","14.500","6.59K","1.61%"
"07/14/2017","14.635","14.520","14.725","14.500","3.28K","0.24%"
"07/13/2017","14.600","14.450","14.650","14.425","5.64K","0.91%"
"07/12/2017","14.469","14.500","14.550","14.450","5.86K","0.06%"
"07/11/2017","14.461","14.525","14.600","14.430","5.28K","-0.93%"
"07/10/2017","14.597","14.650","14.745","14.575","3.30K","-1.21%"
"07/07/2017","14.776","14.870","14.885","14.730","1.87K","-1.51%"
"07/06/2017","15.003","14.975","15.040","14.875","4.93K","0.36%"
"07/05/2017","14.949","14.850","15.025","14.830","3.23K","-0.03%"
"07/04/2017","14.954","15.025","15.175","14.950","5.02K","-1.12%"
"07/03/2017","15.124","14.955","15.150","14.900","2.28K","1.91%"
"06/30/2017","14.840","14.835","14.925","14.800","2.80K","-0.90%"
"06/29/2017","14.975","15.200","15.300","14.900","11.24K","-1.00%"
"06/28/2017","15.127","14.875","15.175","14.850","10.48K","0.77%"
"06/27/2017","15.011","14.875","15.030","14.800","9.65K","1.43%"
"06/26/2017","14.799","14.850","14.900","14.775","10.64K","1.19%"
"06/23/2017","14.625","14.555","14.700","14.500","4.06K","0.04%"
"06/22/2017","14.619","14.725","14.725","14.505","6.08K","-0.77%"
"06/21/2017","14.733","14.825","14.850","14.675","6.40K","-0.41%"
"06/20/2017","14.794","14.825","14.880","14.775","3.43K","0.26%"
"06/19/2017","14.755","14.645","14.825","14.645","2.99K","1.07%"
"06/16/2017","14.599","14.580","14.650","14.575","2.25K","0.11%"
"06/15/2017","14.583","14.645","14.645","14.540","3.13K","-0.80%"
"06/14/2017","14.700","14.730","14.825","14.650","2.30K","0.20%"
"06/13/2017","14.671","14.695","14.735","14.650","2.90K","-0.83%"
"06/12/2017","14.794","14.900","14.900","14.730","4.37K","-1.39%"
"06/09/2017","15.002","15.450","15.450","14.975","3.44K","-1.85%"
"06/08/2017","15.285","15.005","15.450","14.975","3.34K","2.41%"
"06/07/2017","14.925","14.850","15.000","14.850","3.70K","0.53%"
"06/06/2017","14.846","15.100","15.150","14.825","6.86K","-1.19%"
"06/05/2017","15.025","15.100","15.225","14.975","3.63K","0.55%"
"06/02/2017","14.943","15.000","15.050","14.900","2.28K","-1.04%"
"06/01/2017","15.100","15.300","15.325","15.075","4.66K","-1.27%"
"05/31/2017","15.295","15.575","15.575","15.200","2.82K","-2.27%"
"05/30/2017","15.650","15.400","15.665","15.400","9.68K","1.46%"
"05/29/2017","15.425","15.425","15.450","15.400","0.53K","0.49%"
"05/26/2017","15.350","15.200","15.425","15.200","3.38K","-0.18%"
"05/25/2017","15.377","15.450","15.475","15.340","1.96K","-1.11%"
"05/24/2017","15.549","15.700","15.785","15.500","4.55K","-0.54%"
"05/23/2017","15.634","15.375","15.730","15.350","7.97K","0.86%"
"05/22/2017","15.501","15.250","15.530","15.225","7.88K","0.01%"
"05/19/2017","15.500","15.695","15.700","15.475","6.38K","-1.41%"
"05/18/2017","15.722","15.575","15.800","15.525","7.04K","0.92%"
"05/17/2017","15.578","15.295","15.625","15.250","4.69K","1.52%"
"05/16/2017","15.345","15.400","15.525","15.305","4.65K","-0.94%"
"05/15/2017","15.490","15.400","15.550","15.275","2.37K","0.91%"
"05/12/2017","15.350","15.225","15.410","15.080","2.21K","-0.32%"
"05/11/2017","15.400","15.575","15.575","15.250","2.21K","-0.91%"
"05/10/2017","15.542","15.595","15.690","15.500","3.06K","0.79%"
"05/09/2017","15.420","15.450","15.625","15.410","2.54K","-0.24%"
"05/08/2017","15.457","15.755","15.755","15.400","3.19K","-2.31%"
"05/05/2017","15.822","15.650","15.875","15.575","2.31K","-0.49%"
"05/04/2017","15.900","16.125","16.125","15.750","3.34K","-2.62%"
"05/03/2017","16.327","16.305","16.525","16.175","2.46K","-0.74%"
"05/02/2017","16.448","16.250","16.485","16.250","1.98K","1.69%"
"05/01/2017","16.175","16.175","16.175","16.175","","-0.04%"
"04/28/2017","16.182","16.100","16.250","16.075","3.38K","0.83%"
"04/27/2017","16.049","16.200","16.250","15.950","8.32K","-0.08%"
"04/26/2017","16.062","15.800","16.125","15.800","15.11K","1.83%"
"04/25/2017","15.774","16.025","16.075","15.725","9.78K","-2.18%"
"04/24/2017","16.125","16.175","16.390","16.050","12.82K","-1.20%"
"04/21/2017","16.321","16.050","16.450","16.050","5.89K","1.73%"
"04/20/2017","16.043","15.950","16.125","15.950","7.83K","-0.75%"
"04/19/2017","16.164","16.300","16.350","16.050","7.15K","-0.43%"
"04/18/2017","16.234","15.850","16.250","15.775","7.28K","3.73%"
"04/13/2017","15.650","15.655","15.775","15.650","3.46K","0.10%"
"04/12/2017","15.635","15.625","15.750","15.575","1.99K","0.87%"
"04/11/2017","15.500","15.405","15.600","15.380","3.14K","-0.09%"
"04/10/2017","15.514","15.900","15.925","15.500","8.42K","-2.03%"
"04/07/2017","15.835","16.055","16.320","15.675","3.16K","-1.95%"
"04/06/2017","16.150","16.200","16.240","15.975","8.66K","-0.45%"
"04/05/2017","16.223","16.055","16.350","16.025","3.75K","0.56%"
"04/04/2017","16.133","16.125","16.300","16.030","2.95K","0.89%"
"04/03/2017","15.991","15.850","16.175","15.850","3.29K","1.20%"
"03/31/2017","15.801","15.700","16.050","15.680","4.14K","-0.85%"
"03/30/2017","15.937","15.755","15.950","15.360","13.69K","2.32%"
"03/29/2017","15.576","15.250","15.700","15.100","6.19K","3.33%"
"03/28/2017","15.074","15.050","15.175","14.925","4.98K","0.92%"
"03/27/2017","14.937","15.100","15.100","14.870","9.04K","-2.03%"
"03/24/2017","15.247","15.350","15.400","15.200","3.88K","-2.13%"
"03/23/2017","15.579","15.580","15.660","15.475","9.43K","-0.13%"
"03/22/2017","15.600","15.450","15.650","15.425","4.36K","-0.23%"
"03/21/2017","15.636","15.750","15.850","15.555","2.96K","-0.88%"
"03/20/2017","15.775","15.800","15.875","15.725","1.59K","-1.30%"
"03/17/2017","15.983","15.975","15.985","15.870","1.97K","0.03%"
"03/16/2017","15.979","16.025","16.175","15.900","3.35K","-0.72%"
"03/15/2017","16.095","16.025","16.300","16.000","4.51K","1.07%"
"03/14/2017","15.925","15.950","16.150","15.875","5.44K","0.63%"
"03/13/2017","15.825","15.825","15.920","15.750","2.80K","-2.01%"
"03/10/2017","16.150","16.100","16.425","16.025","3.43K","0.18%"
"03/09/2017","16.121","16.000","16.230","16.000","3.78K","-0.76%"
"03/08/2017","16.245","16.255","16.325","16.175","3.91K","-1.56%"
"03/07/2017","16.503","16.800","16.995","16.475","3.82K","-0.67%"
"03/06/2017","16.614","16.550","16.725","16.250","5.51K","-0.91%"
"03/03/2017","16.766","16.845","16.875","16.625","4.35K","0.04%"
"03/02/2017","16.760","17.050","17.200","16.700","3.34K","-2.06%"
"03/01/2017","17.112","16.950","17.225","16.675","2.78K","1.28%"
"02/28/2017","16.896","17.375","17.500","16.850","3.07K","-2.23%"
"02/27/2017","17.281","17.600","17.650","17.245","14.24K","-2.90%"
"02/24/2017","17.798","18.000","18.000","17.650","14.85K","-2.75%"
"02/23/2017","18.302","17.805","18.400","17.805","14.99K","1.42%"
"02/22/2017","18.046","18.175","18.200","17.700","8.99K","-0.41%"
"02/21/2017","18.121","18.600","18.600","18.075","8.56K","-2.41%"
"02/20/2017","18.569","18.550","18.685","18.405","6.71K","0.50%"
"02/17/2017","18.476","18.800","18.800","18.225","6.80K","-2.81%"
"02/16/2017","19.010","19.195","19.250","18.900","12.33K","0.85%"
"02/15/2017","18.850","18.650","18.950","18.650","5.80K","0.64%"
"02/14/2017","18.731","19.250","19.275","18.625","10.44K","-1.67%"
"02/13/2017","19.050","19.575","19.725","18.950","8.32K","-3.65%"
"02/10/2017","19.772","19.845","19.945","19.500","7.21K","-2.06%"
"02/09/2017","20.188","20.395","20.550","19.975","7.11K","-0.51%"
"02/08/2017","20.291","20.600","20.600","20.100","11.67K","-4.60%"
"02/07/2017","21.270","21.600","21.600","21.075","8.53K","-3.06%"
"02/06/2017","21.942","21.805","22.100","21.600","5.46K","-1.35%"
"02/03/2017","22.243","22.200","22.530","22.050","5.53K","2.27%"
"02/02/2017","21.750","21.700","22.450","21.550","7.46K","1.09%"
"02/01/2017","21.515","21.300","21.925","21.300","11.66K","3.69%"
"01/31/2017","20.749","20.650","21.100","20.550","5.74K","1.71%"
"01/30/2017","20.400","19.800","20.635","19.725","37.11K","4.62%"
"01/27/2017","19.500","19.700","19.700","19.450","11.36K","-1.74%"
"01/26/2017","19.846","19.800","20.070","19.675","11.38K","-0.88%"
"01/25/2017","20.023","20.295","20.450","19.850","14.82K","-3.28%"
"01/24/2017","20.703","20.925","20.925","20.575","9.80K","-2.01%"
"01/23/2017","21.128","20.750","21.375","20.475","10.87K","3.10%"
"01/20/2017","20.493","19.775","20.670","19.775","15.93K","2.93%"
"01/19/2017","19.909","19.950","20.250","19.825","14.76K","1.48%"
"01/18/2017","19.619","20.000","20.000","19.550","7.20K","0.79%"
"01/17/2017","19.465","19.025","19.750","19.000","20.01K","2.44%"
"01/16/2017","19.002","19.805","19.805","18.925","8.93K","-5.03%"
"01/13/2017","20.008","19.970","20.300","19.650","5.70K","-1.53%"
"01/12/2017","20.319","20.890","20.925","20.175","10.21K","-0.89%"
"01/11/2017","20.501","20.225","20.580","19.850","11.47K","3.51%"
"01/10/2017","19.806","19.650","20.000","19.600","7.24K","3.50%"
"01/09/2017","19.137","19.100","19.200","18.850","3.41K","3.20%"
"01/06/2017","18.543","19.250","19.250","18.450","4.23K","-1.68%"
"01/05/2017","18.860","18.750","19.225","18.745","5.79K","0.09%"
"01/04/2017","18.843","18.525","18.925","18.500","4.36K","2.49%"
"01/03/2017","18.385","19.000","19.150","18.200","3.71K","-4.25%"
"01/02/2017","19.202","19.450","19.450","19.200","0.27K","-1.73%"
"12/30/2016","19.541","19.300","19.850","19.300","1.97K","2.87%"
"12/29/2016","18.996","18.750","19.550","18.750","6.47K","1.18%"
"12/28/2016","18.774","18.600","18.850","18.495","8.70K","2.40%"
"12/27/2016","18.334","18.095","18.500","18.030","1.04K","1.40%"
"12/23/2016","18.081","18.045","18.200","17.925","3.30K","0.11%"
"12/22/2016","18.061","17.750","18.200","17.745","4.93K","2.44%"
"12/21/2016","17.630","17.375","17.700","17.375","11.78K","0.75%"
"12/20/2016","17.499","17.450","17.675","17.450","2.60K","0.86%"
"12/19/2016","17.350","17.090","17.475","17.075","14.66K","-0.85%"
"12/16/2016","17.499","17.100","17.600","17.045","3.51K","1.92%"
"12/15/2016","17.170","17.250","17.250","17.100","10.88K","0.27%"
"12/14/2016","17.124","16.900","17.125","16.900","4.13K","-0.05%"
"12/13/2016","17.133","16.795","17.250","16.795","1.52K","0.19%"
"12/12/2016","17.100","16.875","17.150","16.800","2.71K","3.69%"
"12/09/2016","16.492","16.475","16.750","16.425","1.92K","0.54%"
"12/08/2016","16.404","15.850","16.550","15.850","2.96K","0.95%"
"12/07/2016","16.250","16.450","16.450","16.150","1.36K","-0.40%"
"12/06/2016","16.316","16.770","16.860","16.240","3.34K","-3.84%"
"12/05/2016","16.967","17.555","17.555","16.750","3.13K","-3.27%"
"12/02/2016","17.540","17.850","17.850","17.450","3.07K","-3.04%"
"12/01/2016","18.090","17.900","18.120","17.850","1.33K","-0.68%"
"11/30/2016","18.213","17.825","18.250","17.800","1.86K","1.35%"
"11/29/2016","17.971","18.200","18.250","17.950","16.68K","0.06%"
"11/28/2016","17.961","17.750","18.070","17.750","9.87K","1.46%"
"11/25/2016","17.703","17.750","17.825","17.625","6.44K","-0.79%"
"11/24/2016","17.844","17.575","17.850","17.550","5.70K","0.22%"
"11/23/2016","17.805","17.720","17.875","17.625","6.58K","1.00%"
"11/22/2016","17.629","17.670","17.700","17.425","5.11K","1.49%"
"11/21/2016","17.370","17.380","17.600","17.300","6.68K","-2.95%"
"11/18/2016","17.898","17.580","18.050","17.580","4.74K","1.47%"
"11/17/2016","17.638","17.300","17.750","17.175","4.74K","0.05%"
"11/16/2016","17.630","18.275","18.275","17.425","4.52K","-1.23%"
"11/15/2016","17.850","17.650","17.950","17.625","3.40K","1.48%"
"11/14/2016","17.589","17.805","17.850","17.475","3.34K","-2.62%"
"11/11/2016","18.062","18.220","18.325","18.000","4.26K","-0.05%"
"11/10/2016","18.071","18.175","18.300","17.800","4.68K","0.88%"
"11/09/2016","17.914","17.275","18.040","17.255","5.36K","1.52%"
"11/08/2016","17.646","17.505","17.700","17.350","4.35K","-1.90%"
"11/07/2016","17.988","18.100","18.625","17.775","3.47K","-1.91%"
"11/04/2016","18.338","18.450","18.545","18.125","6.71K","-2.81%"
"11/03/2016","18.868","19.000","19.450","18.675","6.04K","-0.46%"
"11/02/2016","18.955","18.305","19.055","18.300","3.09K","2.75%"
"11/01/2016","18.447","18.400","18.475","18.275","2.34K","3.69%"
"10/31/2016","17.791","17.825","17.975","17.600","1.12K","3.14%"
"10/28/2016","17.250","17.250","17.400","17.150","21.48K","-1.06%"
"10/27/2016","17.434","17.000","17.575","17.000","7.73K","1.76%"
"10/26/2016","17.132","17.650","17.725","17.075","6.65K","-2.59%"
"10/25/2016","17.587","17.500","17.620","17.380","9.14K","1.69%"
"10/24/2016","17.295","17.100","17.450","17.100","10.07K","3.10%"
"10/21/2016","16.775","16.800","16.850","16.615","2.82K","-0.75%"
"10/20/2016","16.902","16.750","17.150","16.750","6.15K","0.93%"
"10/19/2016","16.746","16.950","16.950","16.600","2.89K","-0.08%"
"10/18/2016","16.760","16.500","16.850","16.395","7.29K","2.89%"
"10/17/2016","16.290","16.350","16.400","16.250","3.90K","0.89%"
"10/14/2016","16.147","16.025","16.175","16.000","2.88K","2.68%"
"10/13/2016","15.725","15.650","16.000","15.650","2.78K","2.13%"
"10/12/2016","15.397","15.500","15.700","15.375","2.25K","-0.40%"
"10/11/2016","15.459","15.840","15.840","15.275","5.33K","-2.27%"
"10/10/2016","15.818","15.505","16.000","15.500","6.25K","-1.60%"
"10/07/2016","16.075","16.675","16.725","15.950","4.87K","-2.21%"
"10/06/2016","16.438","15.950","16.800","15.950","3.45K","1.92%"
"10/05/2016","16.128","16.400","16.400","16.050","4.26K","0.96%"
"10/04/2016","15.975","15.400","16.145","15.400","5.98K","2.42%"
"10/03/2016","15.598","15.725","15.975","15.455","4.67K","1.62%"
"09/30/2016","15.350","15.750","15.750","15.185","2.69K","10.04%"
"09/29/2016","13.950","14.450","14.450","13.900","14.06K","0.36%"
"09/28/2016","13.900","13.425","14.200","13.425","8.34K","4.51%"
"09/27/2016","13.300","13.855","13.925","13.225","10.16K","-4.30%"
"09/26/2016","13.898","13.650","14.025","13.575","13.09K","-0.80%"
"09/23/2016","14.010","13.325","14.100","13.325","6.52K","3.37%"
"09/22/2016","13.553","13.650","13.830","13.510","8.23K","2.16%"
"09/21/2016","13.267","13.000","13.375","12.850","4.73K","1.83%"
"09/20/2016","13.029","13.250","13.250","12.900","12.01K","-2.60%"
"09/19/2016","13.377","12.750","13.450","12.650","5.87K","4.69%"
"09/16/2016","12.778","12.550","12.950","12.500","6.01K","2.37%"
"09/15/2016","12.482","12.000","12.605","12.000","7.62K","4.48%"
"09/14/2016","11.947","12.250","12.295","11.925","2.17K","-0.49%"
"09/13/2016","12.006","11.895","12.200","11.825","2.87K","1.50%"
"09/12/2016","11.829","11.605","11.895","11.500","3.35K","-0.60%"
"09/09/2016","11.900","11.850","12.025","11.850","2.90K","-0.59%"
"09/08/2016","11.971","11.995","12.060","11.850","1.92K","-0.24%"
"09/07/2016","12.000","12.200","12.200","11.975","3.89K","-3.03%"
"09/06/2016","12.375","12.480","12.525","12.300","3.77K","-1.17%"
"09/05/2016","12.521","12.900","13.150","12.450","3.44K","-1.56%"
"09/02/2016","12.720","12.355","12.975","12.355","5.03K","0.79%"
"09/01/2016","12.620","12.605","12.700","12.450","2.44K","-0.42%"
"08/31/2016","12.673","12.850","12.925","12.675","3.91K","9.78%"
"08/30/2016","11.544","11.300","11.600","11.300","23.81K","-2.17%"
"08/29/2016","11.800","11.800","11.800","11.800","0.01K","3.16%"
"08/26/2016","11.438","11.090","11.550","11.050","8.25K","3.02%"
"08/25/2016","11.103","10.875","11.240","10.845","5.54K","-0.22%"
"08/24/2016","11.127","11.175","11.300","11.025","6.48K","-4.80%"
"08/23/2016","11.688","11.450","11.700","11.450","2.90K","3.65%"
"08/22/2016","11.276","10.975","11.375","10.975","9.80K","6.25%"
"08/19/2016","10.613","11.450","11.450","10.550","7.50K","-11.73%"
"08/18/2016","12.024","12.050","12.150","11.650","5.76K","-0.64%"
"08/17/2016","12.101","11.800","12.125","11.800","4.00K","1.83%"
"08/16/2016","11.884","11.795","11.975","11.795","3.82K","1.83%"
"08/15/2016","11.670","12.005","12.005","11.430","3.78K","-4.91%"
"08/12/2016","12.273","12.795","12.800","12.195","3.95K","-4.12%"
"08/11/2016","12.800","12.700","12.850","12.675","1.49K","-0.74%"
"08/10/2016","12.895","12.875","13.220","12.825","4.55K","0.30%"
"08/09/2016","12.856","12.875","13.000","12.825","2.14K","-1.67%"
"08/08/2016","13.074","13.300","13.325","12.950","2.93K","-2.07%"
"08/05/2016","13.350","13.675","13.675","13.190","1.92K","-2.20%"
"08/04/2016","13.650","13.805","13.805","13.620","6.15K","-0.38%"
"08/03/2016","13.702","13.605","13.775","13.605","3.03K","-0.73%"
"08/02/2016","13.803","13.900","13.975","13.800","2.39K","-1.76%"
"08/01/2016","14.050","14.325","14.350","13.975","2.23K","-2.82%"
"07/29/2016","14.458","14.495","14.565","14.375","1.57K","2.16%"
"07/28/2016","14.152","14.375","14.425","14.100","12.66K","-2.06%"
"07/27/2016","14.450","14.425","14.500","14.350","8.06K","-0.99%"
"07/26/2016","14.594","14.800","14.800","14.550","3.61K","-1.68%"
"07/25/2016","14.843","14.845","15.035","14.800","2.82K","-0.05%"
"07/22/2016","14.850","14.955","14.955","14.775","1.70K","-0.89%"
"07/21/2016","14.983","14.775","15.050","14.775","7.08K","1.77%"
"07/20/2016","14.723","14.450","14.725","14.425","4.22K","2.15%"
"07/19/2016","14.413","14.350","14.425","14.300","2.55K","0.87%"
"07/18/2016","14.289","14.225","14.450","14.225","0.95K","0.49%"
"07/15/2016","14.219","14.200","14.405","14.125","5.94K","-0.62%"
"07/14/2016","14.307","14.270","14.425","14.270","11.14K","0.58%"
"07/13/2016","14.225","14.250","14.375","14.200","8.43K","-0.55%"
"07/12/2016","14.303","14.150","14.350","14.150","3.37K","1.34%"
"07/11/2016","14.114","14.100","14.140","14.050","0.63K","-0.16%"
"07/08/2016","14.137","14.100","14.275","14.100","2.03K","-1.74%"
"07/07/2016","14.387","14.350","14.480","14.300","6.91K","1.59%"
"07/06/2016","14.162","14.050","14.200","14.025","8.04K","-0.55%"
"07/05/2016","14.240","14.325","14.370","14.150","2.67K","-2.06%"
"07/04/2016","14.539","14.400","14.625","14.400","1.19K","1.81%"
"07/01/2016","14.280","14.265","14.400","14.225","1.73K","-0.66%"
"06/30/2016","14.375","14.575","14.575","14.200","3.51K","-0.37%"
"06/29/2016","14.428","14.350","14.425","14.300","9.28K","1.94%"
"06/28/2016","14.153","14.225","14.300","14.150","5.59K","-1.04%"
"06/27/2016","14.302","14.550","14.625","14.225","8.83K","-4.01%"
"06/24/2016","14.900","14.750","15.225","14.550","3.69K","-1.79%"
"06/23/2016","15.171","15.300","15.400","15.145","3.34K","-0.58%"
"06/22/2016","15.260","15.200","15.450","15.200","6.98K","2.53%"
"06/21/2016","14.884","15.200","15.200","14.750","4.52K","-1.72%"
"06/20/2016","15.144","14.700","15.225","14.700","1.49K","4.31%"
"06/17/2016","14.518","14.275","14.550","14.275","4.12K","2.41%"
"06/16/2016","14.176","13.800","14.275","13.800","3.55K","-0.17%"
"06/15/2016","14.200","14.350","14.550","14.000","6.44K","1.28%"
"06/14/2016","14.020","13.575","14.175","13.575","1.18K","1.23%"
"06/13/2016","13.850","13.750","13.900","13.625","4.04K","-0.98%"
"06/10/2016","13.987","14.075","14.075","13.925","2.44K","-1.45%"
"06/09/2016","14.193","14.350","14.350","14.075","2.00K","-1.44%"
"06/08/2016","14.400","14.480","14.700","14.350","2.80K","-1.50%"
"06/07/2016","14.620","14.350","14.700","14.350","3.96K","0.86%"
"06/06/2016","14.496","14.325","14.505","14.325","1.98K","1.60%"
"06/03/2016","14.268","14.400","14.425","14.125","1.94K","-0.87%"
"06/02/2016","14.393","14.300","14.500","14.300","1.00K","2.27%"
"06/01/2016","14.073","14.210","14.210","13.950","1.37K","-1.16%"
"05/31/2016","14.238","14.075","14.210","14.075","1.01K","2.36%"
"05/30/2016","13.910","13.910","13.910","13.910","","0.67%"
"05/27/2016","13.817","13.475","13.950","13.475","7.17K","2.45%"
"05/26/2016","13.486","13.450","13.750","13.425","3.15K","1.43%"
"05/25/2016","13.296","13.100","13.400","13.100","2.82K","2.28%"
"05/24/2016","12.999","12.990","13.025","12.900","4.83K","0.63%"
"05/23/2016","12.918","12.825","12.930","12.825","1.80K","-0.84%"
"05/20/2016","13.028","13.100","13.100","13.025","1.34K","0.59%"
"05/19/2016","12.951","12.950","13.025","12.900","2.89K","-1.11%"
"05/18/2016","13.096","13.060","13.175","13.000","2.83K","-0.37%"
"05/17/2016","13.144","13.300","13.300","13.075","5.85K","0.38%"
"05/16/2016","13.094","12.850","13.150","12.850","1.39K","1.87%"
"05/13/2016","12.854","12.875","13.025","12.825","3.67K","-0.46%"
"05/12/2016","12.914","13.400","13.450","12.850","6.41K","-0.75%"
"05/11/2016","13.011","13.000","13.175","12.925","3.26K","0.71%"
"05/10/2016","12.919","12.700","13.075","12.675","4.68K","-1.55%"
"05/09/2016","13.123","13.000","13.550","12.975","2.40K","1.93%"
"05/06/2016","12.875","12.750","13.000","12.750","5.02K","0.32%"
"05/05/2016","12.834","12.905","13.350","12.725","2.10K","3.29%"
"05/04/2016","12.425","12.100","12.520","12.100","4.01K","2.28%"
"05/03/2016","12.148","12.175","12.250","12.100","3.11K","-1.03%"
"05/02/2016","12.275","12.350","12.350","12.250","0.27K","-3.94%"
"04/29/2016","12.779","12.750","12.950","12.550","3.50K","1.08%"
"04/28/2016","12.643","13.900","13.900","12.600","9.08K","-9.56%"
"04/27/2016","13.980","13.650","14.300","13.650","8.60K","0.00%"
"04/26/2016","13.980","12.875","14.075","12.875","6.00K","7.80%"
"04/25/2016","12.969","12.650","13.120","12.600","5.61K","-0.85%"
"04/22/2016","13.080","12.450","13.100","12.275","5.11K","4.64%"
"04/21/2016","12.500","12.000","12.675","11.975","7.59K","5.94%"
"04/20/2016","11.799","11.575","11.925","11.550","4.45K","1.17%"
"04/19/2016","11.663","11.400","11.685","11.375","4.82K","2.82%"
"04/18/2016","11.343","11.100","11.425","11.100","4.27K","1.19%"
"04/15/2016","11.210","11.200","11.220","11.150","1.38K","-0.13%"
"04/14/2016","11.225","11.230","11.275","11.200","2.64K","-0.86%"
"04/13/2016","11.322","11.300","11.325","11.250","1.48K","0.55%"
"04/12/2016","11.260","11.270","11.300","11.230","1.02K","0.64%"
"04/11/2016","11.188","11.125","11.250","11.105","1.51K","-0.34%"
"04/08/2016","11.226","11.150","11.225","11.150","0.57K","0.68%"
"04/07/2016","11.150","11.250","11.300","11.100","1.04K","-2.19%"
"04/06/2016","11.400","11.310","11.400","11.310","1.13K","1.45%"
"04/05/2016","11.237","11.150","11.350","11.150","1.44K","-1.21%"
"04/04/2016","11.375","11.500","11.500","11.275","1.28K","-2.27%"
"04/01/2016","11.639","11.800","11.825","11.555","2.50K","-2.50%"
"03/31/2016","11.937","11.885","11.950","11.875","2.09K","-1.13%"
"03/30/2016","12.073","12.100","12.100","12.040","8.39K","0.24%"
"03/29/2016","12.044","11.975","12.075","11.965","14.56K","0.02%"
"03/24/2016","12.042","11.925","12.070","11.925","5.44K","0.70%"
"03/23/2016","11.958","11.900","11.990","11.895","3.44K","0.31%"
"03/22/2016","11.921","11.925","11.950","11.885","3.72K","-0.05%"
"03/21/2016","11.927","11.855","11.950","11.825","6.04K","-1.60%"
"03/18/2016","12.121","12.000","12.125","11.975","5.65K","0.54%"
"03/17/2016","12.056","11.850","12.090","11.850","1.26K","0.51%"
"03/16/2016","11.995","12.050","12.050","11.925","2.26K","-0.41%"
"03/15/2016","12.044","11.900","12.050","11.900","5.57K","0.20%"
"03/14/2016","12.020","12.050","12.050","11.950","1.22K","0.17%"
"03/11/2016","12.000","11.805","12.050","11.805","3.79K","1.04%"
"03/10/2016","11.877","12.045","12.050","11.825","4.88K","-1.63%"
"03/09/2016","12.074","11.985","12.125","11.925","5.94K","1.11%"
"03/08/2016","11.942","11.805","12.100","11.760","2.74K","0.99%"
"03/07/2016","11.825","11.825","11.875","11.750","2.60K","-0.23%"
"03/04/2016","11.852","11.900","11.920","11.825","1.78K","-1.53%"
"03/03/2016","12.036","12.025","12.075","11.960","1.47K","-1.46%"
"03/02/2016","12.214","12.300","12.300","12.150","0.90K","0.35%"
"03/01/2016","12.172","12.225","12.250","12.150","1.44K","-0.17%"
"02/29/2016","12.193","12.070","12.225","12.000","0.63K","0.24%"
"02/26/2016","12.164","12.100","12.200","12.050","9.57K","2.18%"
"02/25/2016","11.904","12.025","12.075","11.900","9.19K","-1.22%"
"02/24/2016","12.051","12.150","12.165","12.025","12.99K","-2.10%"
"02/23/2016","12.309","12.400","12.480","12.275","9.43K","-0.58%"
"02/22/2016","12.381","12.200","12.480","12.150","6.09K","3.22%"
"02/19/2016","11.995","11.925","12.125","11.925","3.60K","-1.19%"
"02/18/2016","12.139","12.050","12.225","11.875","3.91K","2.13%"
"02/17/2016","11.886","11.600","11.930","11.575","4.22K","1.36%"
"02/16/2016","11.726","12.055","12.100","11.675","3.76K","-2.00%"
"02/15/2016","11.965","12.050","12.100","11.875","5.27K","-0.97%"
"02/12/2016","12.082","11.950","12.125","11.925","2.05K","1.88%"
"02/11/2016","11.859","11.950","11.950","11.805","5.48K","-1.02%"
"02/10/2016","11.981","11.905","12.075","11.900","7.11K","-1.44%"
"02/09/2016","12.156","12.325","12.500","12.000","4.39K","-0.69%"
"02/08/2016","12.240","12.400","12.400","12.175","6.82K","-0.26%"
"02/05/2016","12.272","12.300","12.350","12.200","3.59K","-1.08%"
"02/04/2016","12.406","12.775","12.775","12.300","1.34K","-4.01%"
"02/03/2016","12.924","12.700","13.050","12.650","2.88K","1.13%"
"02/02/2016","12.780","12.700","12.900","12.620","10.50K","-0.18%"
"02/01/2016","12.803","13.315","13.315","12.800","1.91K","-4.28%"
"01/29/2016","13.376","14.000","14.000","13.225","1.97K","-2.14%"
"01/28/2016","13.669","13.550","13.950","13.500","8.95K","2.90%"
"01/27/2016","13.284","12.850","13.500","12.850","8.72K","3.04%"
"01/26/2016","12.892","12.300","13.050","12.300","7.57K","1.06%"
"01/25/2016","12.757","13.100","13.100","12.700","5.66K","-5.21%"
"01/22/2016","13.458","12.995","13.640","12.825","5.42K","7.00%"
"01/21/2016","12.577","12.600","12.775","12.400","5.03K","-1.72%"
"01/20/2016","12.797","13.000","13.015","12.750","7.12K","-4.14%"
"01/19/2016","13.350","13.400","13.675","13.225","4.02K","-0.30%"
"01/18/2016","13.390","13.300","13.425","13.125","5.70K","0.52%"
"01/15/2016","13.321","13.725","13.775","13.300","4.06K","-3.17%"
"01/14/2016","13.757","13.925","13.925","13.740","6.02K","-2.93%"
"01/13/2016","14.172","14.375","14.400","14.075","3.50K","0.88%"
"01/12/2016","14.048","14.150","14.200","13.975","3.91K","-4.06%"
"01/11/2016","14.642","14.775","14.925","14.540","4.35K","-0.84%"
"01/08/2016","14.766","15.050","15.075","14.575","5.25K","-4.91%"
"01/07/2016","15.528","15.000","15.575","14.900","4.95K","2.66%"
"01/06/2016","15.126","15.175","15.375","15.060","6.51K","2.31%"
"01/05/2016","14.784","15.100","15.100","14.775","2.87K","1.23%"
"01/04/2016","14.605","14.750","14.820","14.425","3.97K","-1.22%"
"12/31/2015","14.786","14.925","14.925","14.785","0.31K","-0.84%"
"12/30/2015","14.911","15.175","15.350","14.900","5.38K","-3.13%"
"12/29/2015","15.393","14.950","15.600","14.900","3.47K","3.80%"
"12/28/2015","14.830","14.830","14.830","14.830","","2.58%"
"12/24/2015","14.457","14.500","14.500","14.250","0.60K","-0.75%"
"12/23/2015","14.566","14.925","14.925","14.500","4.18K","-2.53%"
"12/22/2015","14.944","15.125","15.175","14.925","1.89K","-0.94%"
"12/21/2015","15.086","15.115","15.150","15.060","2.35K","-2.00%"
"12/18/2015","15.394","15.600","15.625","15.350","4.42K","-1.34%"
"12/17/2015","15.603","15.500","15.700","15.400","4.14K","-0.81%"
"12/16/2015","15.730","15.925","15.975","15.595","3.20K","-2.26%"
"12/15/2015","16.094","15.850","16.100","15.850","3.91K","1.40%"
"12/14/2015","15.872","16.000","16.000","15.825","4.72K","-2.56%"
"12/11/2015","16.289","16.450","16.450","16.200","3.84K","-1.31%"
"12/10/2015","16.506","16.450","16.500","16.400","5.10K","-0.48%"
"12/09/2015","16.586","16.650","16.725","16.500","1.47K","-1.51%"
"12/08/2015","16.840","16.800","16.850","16.675","4.95K","0.02%"
"12/07/2015","16.836","17.200","17.250","16.825","2.32K","-3.54%"
"12/04/2015","17.453","17.350","17.500","17.350","1.42K","0.57%"
"12/03/2015","17.354","17.640","17.640","17.350","0.98K","-2.78%"
"12/02/2015","17.850","18.150","18.200","17.675","1.11K","-2.02%"
"12/01/2015","18.218","18.050","18.450","17.950","2.91K","1.07%"
"11/30/2015","18.025","17.850","18.175","17.850","0.38K","2.75%"
"11/27/2015","17.542","17.575","17.600","17.400","4.61K","-0.36%"
"11/26/2015","17.606","17.725","17.750","17.550","5.42K","0.26%"
"11/25/2015","17.561","17.500","17.600","17.300","7.76K","0.79%"
"11/24/2015","17.423","17.150","17.550","17.150","5.88K","1.34%"
"11/23/2015","17.192","17.075","17.225","17.025","8.72K","-0.17%"
"11/20/2015","17.221","17.300","17.485","17.200","4.67K","-0.80%"
"11/19/2015","17.360","17.075","17.550","17.050","4.19K","0.09%"
"11/18/2015","17.345","17.850","17.850","17.150","6.52K","-1.58%"
"11/17/2015","17.624","17.500","17.900","17.285","5.80K","2.32%"
"11/16/2015","17.225","17.250","17.430","17.175","12.47K","1.32%"
"11/13/2015","17.001","17.050","17.200","16.925","4.00K","0.60%"
"11/12/2015","16.899","16.925","17.075","16.780","2.84K","-1.02%"
"11/11/2015","17.074","17.225","17.275","17.025","4.32K","-1.03%"
"11/10/2015","17.251","17.450","17.510","17.210","2.42K","-1.19%"
"11/09/2015","17.458","17.650","17.650","17.450","7.25K","-2.31%"
"11/06/2015","17.871","17.800","17.900","17.750","3.65K","0.93%"
"11/05/2015","17.707","17.800","17.900","17.705","4.19K","-1.35%"
"11/04/2015","17.950","18.000","18.225","17.925","2.20K","0.41%"
"11/03/2015","17.876","17.725","17.890","17.700","2.32K","0.25%"
"11/02/2015","17.831","17.900","17.900","17.775","4.38K","-0.88%"
"10/30/2015","17.989","18.150","18.150","17.950","1.47K","-0.89%"
"10/29/2015","18.150","18.225","18.250","18.150","5.59K","0.14%"
"10/28/2015","18.125","18.025","18.150","18.000","8.17K","0.19%"
"10/27/2015","18.090","18.125","18.150","18.050","3.29K","0.22%"
"10/26/2015","18.050","18.000","18.075","17.950","5.55K","-1.24%"
"10/23/2015","18.276","18.050","18.325","18.025","4.66K","0.73%"
"10/22/2015","18.144","18.025","18.225","17.950","3.44K","0.44%"
"10/21/2015","18.065","18.100","18.150","18.000","4.36K","-0.67%"
"10/20/2015","18.187","18.400","18.425","18.075","3.72K","-1.22%"
"10/19/2015","18.411","18.325","18.510","18.325","4.42K","1.17%"
"10/16/2015","18.198","18.125","18.250","18.090","3.39K","0.14%"
"10/15/2015","18.173","18.100","18.250","18.050","7.46K","0.80%"
"10/14/2015","18.028","18.000","18.100","17.950","3.97K","-0.81%"
"10/13/2015","18.176","18.375","18.425","18.125","3.70K","-1.48%"
"10/12/2015","18.449","18.350","18.525","18.350","1.42K","-1.63%"
"10/09/2015","18.754","19.000","19.050","18.625","1.63K","-0.24%"
"10/08/2015","18.800","18.825","18.900","18.675","1.31K","0.29%"
"10/07/2015","18.746","19.075","19.100","18.650","5.74K","-0.60%"
"10/06/2015","18.859","18.325","19.050","18.325","5.07K","2.60%"
"10/05/2015","18.381","18.450","18.550","18.350","2.81K","1.12%"
"10/02/2015","18.177","18.275","18.350","18.125","2.50K","-1.19%"
"10/01/2015","18.396","18.700","18.700","18.325","2.16K","-1.45%"
"09/30/2015","18.667","18.650","18.750","18.630","1.25K","1.00%"
"09/29/2015","18.482","18.375","18.550","18.375","5.87K","-0.08%"
"09/28/2015","18.496","18.650","18.650","18.430","7.26K","-1.37%"
"09/25/2015","18.753","18.725","18.800","18.725","6.23K","0.89%"
"09/24/2015","18.587","18.750","18.775","18.570","4.84K","-1.55%"
"09/23/2015","18.880","19.025","19.100","18.775","5.56K","-0.39%"
"09/22/2015","18.953","18.900","19.000","18.850","8.75K","0.91%"
"09/21/2015","18.782","18.850","18.875","18.750","5.77K","-0.77%"
"09/18/2015","18.927","19.000","19.000","18.850","6.64K","-0.68%"
"09/17/2015","19.057","19.260","19.260","19.025","4.74K","-1.06%"
"09/16/2015","19.261","19.000","19.275","19.000","4.01K","1.16%"
"09/15/2015","19.040","19.125","19.250","19.000","2.74K","-0.69%"
"09/14/2015","19.172","19.405","19.405","19.100","1.08K","-0.55%"
"09/11/2015","19.278","19.275","19.375","19.250","8.39K","-0.22%"
"09/10/2015","19.321","19.225","19.400","19.225","1.75K","-0.35%"
"09/09/2015","19.388","19.410","19.500","19.300","1.56K","0.23%"
"09/08/2015","19.343","19.225","19.425","19.225","2.49K","-0.01%"
"09/07/2015","19.345","19.550","19.625","19.300","3.40K","-0.41%"
"09/04/2015","19.425","19.550","19.630","19.400","1.97K","-1.42%"
"09/03/2015","19.704","19.450","19.750","19.420","2.48K","1.04%"
"09/02/2015","19.501","19.300","19.575","19.300","2.63K","0.60%"
"09/01/2015","19.384","19.500","19.550","19.225","3.04K","0.70%"
"08/31/2015","19.250","19.250","19.250","19.250","","1.46%"
"08/28/2015","18.973","19.025","19.050","18.925","4.05K","0.00%"
"08/27/2015","18.973","18.750","19.025","18.750","9.10K","1.85%"
"08/26/2015","18.628","18.800","18.900","18.600","9.91K","-0.54%"
"08/25/2015","18.729","18.400","18.750","18.400","8.94K","2.02%"
"08/24/2015","18.358","18.450","18.480","18.275","5.22K","-2.87%"
"08/21/2015","18.900","18.950","19.025","18.850","1.66K","-0.23%"
"08/20/2015","18.943","19.000","19.050","18.890","2.88K","-1.36%"
"08/19/2015","19.204","19.300","19.375","19.160","3.85K","-0.97%"
"08/18/2015","19.393","19.175","19.475","19.145","3.98K","0.39%"
"08/17/2015","19.317","19.250","19.360","19.250","2.68K","-0.70%"
"08/14/2015","19.454","19.400","19.525","19.380","2.00K","-0.06%"
"08/13/2015","19.466","19.600","19.725","19.425","3.24K","-0.61%"
"08/12/2015","19.585","19.810","19.870","19.530","1.33K","-1.92%"
"08/11/2015","19.969","20.150","20.195","19.930","2.54K","-0.05%"
"08/10/2015","19.979","19.850","20.015","19.825","3.94K","-0.22%"
"08/07/2015","20.024","20.200","20.200","19.960","3.17K","-1.25%"
"08/06/2015","20.277","20.200","20.400","20.200","2.55K","0.30%"
"08/05/2015","20.216","20.125","20.250","20.075","1.69K","-0.39%"
"08/04/2015","20.296","20.350","20.410","20.175","1.36K","-0.30%"
"08/03/2015","20.358","20.300","20.400","20.300","1.33K","-0.74%"
"07/31/2015","20.510","20.900","20.975","20.450","1.33K","-1.78%"
"07/30/2015","20.882","20.650","20.925","20.625","2.60K","0.76%"
"07/29/2015","20.725","20.700","20.750","20.650","3.10K","0.08%"
"07/28/2015","20.709","20.500","20.775","20.475","5.92K","1.10%"
"07/27/2015","20.483","20.375","20.525","20.325","3.29K","0.17%"
"07/24/2015","20.449","20.400","20.520","20.400","1.45K","-0.61%"
"07/23/2015","20.575","20.500","20.600","20.450","4.01K","-0.39%"
"07/22/2015","20.655","20.750","20.775","20.625","4.27K","-1.00%"
"07/21/2015","20.864","21.000","21.025","20.825","4.82K","-0.61%"
"07/20/2015","20.991","21.050","21.050","20.825","5.24K","0.22%"
"07/17/2015","20.945","21.000","21.025","20.900","2.88K","-0.61%"
"07/16/2015","21.073","20.930","21.150","20.930","2.22K","0.75%"
"07/15/2015","20.916","20.925","21.100","20.850","1.50K","0.38%"
"07/14/2015","20.836","21.100","21.100","20.800","1.82K","-0.69%"
"07/13/2015","20.980","20.875","21.000","20.850","2.02K","0.52%"
"07/10/2015","20.872","20.705","20.925","20.705","1.67K","0.66%"
"07/09/2015","20.735","20.650","20.750","20.620","0.78K","1.33%"
"07/08/2015","20.462","20.575","20.675","20.450","1.49K","-0.99%"
"07/07/2015","20.666","20.650","20.705","20.600","1.13K","-0.27%"
"07/06/2015","20.721","20.900","20.900","20.650","1.70K","-0.49%"
"07/03/2015","20.823","20.850","21.050","20.800","2.20K","-0.25%"
"07/02/2015","20.876","20.650","20.900","20.600","1.67K","0.98%"
"07/01/2015","20.674","20.450","20.750","20.450","1.71K","1.08%"
"06/30/2015","20.454","20.260","20.525","20.260","1.06K","0.27%"
"06/29/2015","20.398","20.375","20.460","20.375","5.68K","-0.24%"
"06/26/2015","20.447","20.450","20.555","20.400","3.47K","-0.07%"
"06/25/2015","20.462","20.400","20.520","20.375","3.18K","-0.82%"
"06/24/2015","20.631","20.700","20.725","20.550","1.84K","-0.51%"
"06/23/2015","20.736","20.760","20.940","20.650","8.66K","0.12%"
"06/22/2015","20.711","20.050","20.750","20.050","3.54K","2.09%"
"06/19/2015","20.287","20.300","20.325","20.250","1.79K","0.84%"
"06/18/2015","20.119","20.000","20.150","19.985","1.73K","0.21%"
"06/17/2015","20.077","20.000","20.150","20.000","1.79K","-0.68%"
"06/16/2015","20.214","20.050","20.215","20.050","1.23K","0.85%"
"06/15/2015","20.043","20.100","20.160","20.015","1.13K","-0.01%"
"06/12/2015","20.045","20.075","20.150","19.975","1.35K","-0.04%"
"06/11/2015","20.054","20.225","20.295","20.035","0.77K","-1.70%"
"06/10/2015","20.400","20.425","20.450","20.330","1.58K","0.30%"
"06/09/2015","20.338","20.315","20.375","20.150","1.37K","-0.06%"
"06/08/2015","20.350","20.250","20.355","20.200","1.06K","1.21%"
"06/05/2015","20.106","19.925","20.155","19.870","1.06K","0.64%"
"06/04/2015","19.978","20.155","20.155","19.975","3.65K","-0.86%"
"06/03/2015","20.152","20.325","20.325","20.150","0.87K","-0.09%"
"06/02/2015","20.170","20.225","20.280","20.130","0.80K","0.14%"
"06/01/2015","20.142","20.400","20.400","20.100","2.01K","-0.50%"
"05/29/2015","20.244","20.295","20.400","20.175","0.37K","-1.52%"
"05/28/2015","20.557","20.500","20.675","20.500","5.18K","0.32%"
"05/27/2015","20.492","20.450","20.500","20.430","6.02K","0.03%"
"05/26/2015","20.485","20.400","20.535","20.395","5.43K","0.52%"
"05/25/2015","20.380","20.380","20.380","20.380","0.09K","0.00%"
"05/22/2015","20.380","20.300","20.375","20.230","5.11K","-0.16%"
"05/21/2015","20.413","20.400","20.465","20.350","3.38K","-0.17%"
"05/20/2015","20.447","20.270","20.525","20.270","3.00K","0.45%"
"05/19/2015","20.356","20.225","20.385","20.200","3.63K","0.24%"
"05/18/2015","20.308","20.350","20.400","20.250","2.04K","-0.86%"
"05/15/2015","20.484","20.650","20.650","20.425","1.96K","0.17%"
"05/14/2015","20.450","20.400","20.525","20.350","2.65K","-1.45%"
"05/13/2015","20.751","20.950","21.050","20.575","3.40K","-0.23%"
"05/12/2015","20.799","20.900","20.925","20.700","4.01K","-0.48%"
"05/11/2015","20.900","20.330","21.025","20.330","2.24K","2.98%"
"05/08/2015","20.295","20.730","20.730","20.200","1.14K","0.82%"
"05/07/2015","20.129","20.300","20.350","20.080","1.90K","-1.07%"
"05/06/2015","20.347","20.500","20.525","20.230","3.43K","-0.39%"
"05/05/2015","20.427","20.050","20.400","19.950","1.75K","1.31%"
"05/04/2015","20.163","20.163","20.163","20.163","","0.00%"
"05/01/2015","20.163","20.375","20.425","20.325","0.38K","-1.54%"
"04/30/2015","20.478","20.750","20.750","20.450","0.68K","-2.23%"
"04/29/2015","20.946","20.850","21.020","20.850","3.68K","0.28%"
"04/28/2015","20.887","20.900","21.000","20.875","3.36K","-0.55%"
"04/27/2015","21.003","21.285","21.400","20.950","3.69K","-0.64%"
"04/24/2015","21.138","20.825","21.170","20.825","4.74K","0.62%"
"04/23/2015","21.007","21.000","21.145","20.925","4.96K","-1.43%"
"04/22/2015","21.311","21.350","21.360","21.200","2.90K","-0.41%"
"04/21/2015","21.399","21.350","21.425","21.225","2.55K","1.27%"
"04/20/2015","21.130","21.100","21.170","20.950","3.95K","-0.08%"
"04/17/2015","21.147","21.420","21.425","21.050","2.03K","-1.88%"
"04/16/2015","21.553","21.850","21.895","21.480","3.11K","-1.16%"
"04/15/2015","21.806","21.710","21.825","21.600","1.84K","0.86%"
"04/14/2015","21.621","22.105","22.150","21.550","2.55K","-1.61%"
"04/13/2015","21.975","21.675","22.065","21.565","3.54K","1.25%"
"04/10/2015","21.703","21.575","21.725","21.550","0.97K","-0.63%"
"04/09/2015","21.841","21.860","21.975","21.775","3.92K","0.92%"
"04/08/2015","21.641","21.600","21.725","21.600","1.89K","0.71%"
"04/07/2015","21.488","21.400","21.550","21.195","2.02K","-1.78%"
"04/02/2015","21.877","22.325","22.400","21.700","5.40K","-0.25%"
"04/01/2015","21.931","21.800","22.000","21.600","1.81K","1.69%"
"03/31/2015","21.567","21.550","21.575","21.200","0.78K","-0.95%"
"03/30/2015","21.773","21.800","21.875","21.700","3.56K","-0.17%"
"03/27/2015","21.809","21.650","22.220","21.585","6.11K","0.47%"
"03/26/2015","21.707","21.180","21.875","21.180","3.07K","2.82%"
"03/25/2015","21.111","21.275","21.275","21.050","3.59K","-0.35%"
"03/24/2015","21.186","21.175","21.215","21.000","3.83K","1.21%"
"03/23/2015","20.932","20.800","21.000","20.700","6.37K","-0.64%"
"03/20/2015","21.067","20.975","21.050","20.800","4.97K","-0.80%"
"03/19/2015","21.237","21.260","21.325","21.100","3.28K","-0.32%"
"03/18/2015","21.306","21.250","21.600","21.200","3.54K","0.76%"
"03/17/2015","21.145","21.150","21.300","21.100","1.23K","-1.03%"
"03/16/2015","21.365","21.800","21.850","21.325","1.81K","-1.22%"
"03/13/2015","21.628","21.825","21.825","21.525","2.77K","-1.13%"
"03/12/2015","21.876","22.195","22.300","21.700","1.86K","-1.10%"
"03/11/2015","22.120","21.725","22.175","21.675","1.90K","2.47%"
"03/10/2015","21.586","21.400","21.750","21.250","4.28K","-0.41%"
"03/09/2015","21.674","21.400","21.700","21.330","2.88K","3.21%"
"03/06/2015","20.999","20.800","21.300","20.600","4.31K","-2.03%"
"03/05/2015","21.434","22.300","22.450","21.100","5.50K","-3.13%"
"03/04/2015","22.127","21.850","22.385","21.755","2.49K","1.03%"
"03/03/2015","21.902","21.875","22.100","21.795","2.52K","-2.22%"
"03/02/2015","22.400","22.365","22.885","22.285","1.85K","-2.85%"
"02/27/2015","23.056","23.180","23.215","22.900","1.70K","-2.95%"
"02/26/2015","23.756","24.060","24.125","23.500","6.23K","3.22%"
"02/25/2015","23.016","22.300","23.250","22.300","11.14K","3.17%"
"02/24/2015","22.308","21.790","22.575","21.790","3.30K","1.97%"
"02/23/2015","21.877","21.850","21.925","21.750","3.00K","-1.47%"
"02/20/2015","22.203","22.000","22.280","22.000","12.26K","1.49%"
"02/19/2015","21.877","22.435","22.475","21.800","2.11K","-3.43%"
"02/18/2015","22.654","22.750","23.000","22.555","2.15K","-0.13%"
"02/17/2015","22.684","22.320","22.700","22.320","2.47K","-0.54%"
"02/16/2015","22.807","23.075","23.180","22.700","5.54K","-3.15%"
"02/13/2015","23.550","24.090","24.250","23.440","5.61K","-2.29%"
"02/12/2015","24.102","23.050","24.350","23.000","6.98K","5.35%"
"02/11/2015","22.878","22.405","23.350","22.350","4.37K","2.39%"
"02/10/2015","22.344","22.500","23.150","21.975","5.22K","3.44%"
"02/09/2015","21.601","20.685","22.200","20.640","3.39K","2.82%"
"02/06/2015","21.009","21.330","21.350","20.975","1.98K","-1.71%"
"02/05/2015","21.374","20.380","21.400","20.325","2.45K","4.74%"
"02/04/2015","20.406","20.350","20.450","20.200","2.26K","1.46%"
"02/03/2015","20.112","20.325","20.325","20.050","3.19K","-0.86%"
"02/02/2015","20.287","20.365","20.700","20.300","2.76K","0.11%"
"01/30/2015","20.265","20.470","20.600","20.130","2.55K","-2.10%"
"01/29/2015","20.700","20.675","20.850","20.600","7.82K","2.40%"
"01/28/2015","20.214","20.170","20.250","20.025","4.72K","1.48%"
"01/27/2015","19.919","19.790","19.970","19.700","19.09K","1.57%"
"01/26/2015","19.612","19.810","19.900","19.500","4.19K","0.74%"
"01/23/2015","19.467","19.650","19.740","19.400","7.87K","-0.42%"
"01/22/2015","19.549","19.300","19.675","19.250","3.14K","0.12%"
"01/21/2015","19.525","19.500","19.600","19.425","7.02K","1.43%"
"01/20/2015","19.249","19.000","19.395","19.000","3.19K","-0.13%"
"01/19/2015","19.275","19.300","19.475","19.175","3.52K","-2.75%"
"01/16/2015","19.820","20.175","20.175","19.700","3.86K","-2.12%"
"01/15/2015","20.250","20.500","20.500","20.000","3.59K","-1.66%"
"01/14/2015","20.592","20.700","20.800","20.425","5.01K","0.69%"
"01/13/2015","20.451","20.200","20.450","20.050","4.58K","3.50%"
"01/12/2015","19.760","19.800","19.950","19.650","2.25K","1.02%"
"01/09/2015","19.560","19.825","19.925","19.470","1.35K","-0.16%"
"01/08/2015","19.591","19.650","20.050","19.425","3.56K","-0.02%"
"01/07/2015","19.594","19.150","19.675","19.050","2.40K","0.29%"
"01/06/2015","19.538","20.300","20.350","19.415","2.63K","-3.01%"
"01/05/2015","20.145","20.050","20.250","20.050","1.74K","-1.48%"
"01/02/2015","20.448","21.275","21.275","20.375","1.25K","-3.98%"
"12/31/2014","21.296","21.275","21.375","21.275","0.11K","0.41%"
"12/30/2014","21.208","21.250","21.250","21.150","2.00K","-2.15%"
"12/29/2014","21.673","21.900","21.900","21.550","1.87K","-4.08%"